[
    {
        "type": "sound_effect",
        "id" : "fire_gun",
        "volume" : 100,
        "variant" : "ocg_id10",
        "files" : [
          "guns/40/40_1.ogg",
          "guns/40/40_2.ogg",
          "guns/40/40_3.ogg",
          "guns/40/40_4.ogg",
          "guns/40/40_5.ogg"
        ]
    },
  	{
        "type": "sound_effect",
        "id" : "fire_gun_distant",
        "volume" : 60,
        "variant" : "ocg_id10",
        "files" : [
          "guns/40/40_1.ogg",
          "guns/40/40_2.ogg",
          "guns/40/40_3.ogg",
          "guns/40/40_4.ogg",
          "guns/40/40_5.ogg"
        ]
    },
	  {
        "type": "sound_effect",
        "id" : "reload",
        "volume" : 90,
        "variant" : "ocg_id10",
        "files" : [
          "guns/reload/pistol_l/pistol_1.ogg",
          "guns/reload/pistol_l/pistol_2.ogg",
          "guns/reload/pistol_l/pistol_3.ogg",
          "guns/reload/pistol_l/pistol_4.ogg",
          "guns/reload/pistol_l/pistol_5.ogg"
        ]
    },
    {
        "type": "sound_effect",
        "id" : "fire_gun",
        "volume" : 100,
        "variant" : "ocg_n10chaingun",
        "files" : [
          "guns/40/40_1.ogg",
          "guns/40/40_2.ogg",
          "guns/40/40_3.ogg",
          "guns/40/40_4.ogg",
          "guns/40/40_5.ogg"
        ]
    },
  	{
        "type": "sound_effect",
        "id" : "fire_gun_distant",
        "volume" : 60,
        "variant" : "ocg_n10chaingun",
        "files" : [
          "guns/40/40_1.ogg",
          "guns/40/40_2.ogg",
          "guns/40/40_3.ogg",
          "guns/40/40_4.ogg",
          "guns/40/40_5.ogg"
        ]
    },
	  {
        "type": "sound_effect",
        "id" : "reload",
        "volume" : 90,
        "variant" : "ocg_n10chaingun",
        "files" : [
          "guns/reload/mg/mgk_1.ogg",
          "guns/reload/mg/mgk_2.ogg",
          "guns/reload/mg/mgk_3.ogg",
          "guns/reload/mg/mgk_4.ogg",
          "guns/reload/mg/mgk_5.ogg"
        ]
    },
    {
        "type": "sound_effect",
        "id" : "fire_gun",
        "volume" : 100,
        "variant" : "ocgl_ym14carbine",
        "files" : [
          "guns/40/40_1.ogg",
          "guns/40/40_2.ogg",
          "guns/40/40_3.ogg",
          "guns/40/40_4.ogg",
          "guns/40/40_5.ogg"
        ]
    },
  	{
        "type": "sound_effect",
        "id" : "fire_gun_distant",
        "volume" : 60,
        "variant" : "ocgl_ym14carbine",
        "files" : [
          "guns/40/40_1.ogg",
          "guns/40/40_2.ogg",
          "guns/40/40_3.ogg",
          "guns/40/40_4.ogg",
          "guns/40/40_5.ogg"
        ]
    },
	  {
        "type": "sound_effect",
        "id" : "reload",
        "volume" : 90,
        "variant" : "ocgl_ym14carbine",
        "files" : [
          "guns/reload/bullpup/bullpup_1.ogg",
          "guns/reload/bullpup/bullpup_2.ogg",
          "guns/reload/bullpup/bullpup_3.ogg",
          "guns/reload/bullpup/bullpup_4.ogg",
          "guns/reload/bullpup/bullpup_5.ogg"
        ]
    },
    {
        "type": "sound_effect",
        "id" : "fire_gun",
        "volume" : 100,
        "variant" : "ocgl_ym1carbine",
        "files" : [
          "guns/40/40_1.ogg",
          "guns/40/40_2.ogg",
          "guns/40/40_3.ogg",
          "guns/40/40_4.ogg",
          "guns/40/40_5.ogg"
        ]
    },
  	{
        "type": "sound_effect",
        "id" : "fire_gun_distant",
        "volume" : 60,
        "variant" : "ocgl_ym1carbine",
        "files" : [
          "guns/40/40_1.ogg",
          "guns/40/40_2.ogg",
          "guns/40/40_3.ogg",
          "guns/40/40_4.ogg",
          "guns/40/40_5.ogg"
        ]
    },
	  {
        "type": "sound_effect",
        "id" : "reload",
        "volume" : 90,
        "variant" : "ocgl_ym1carbine",
        "files" : [
          "guns/reload/bullpup/bullpup_1.ogg",
          "guns/reload/bullpup/bullpup_2.ogg",
          "guns/reload/bullpup/bullpup_3.ogg",
          "guns/reload/bullpup/bullpup_4.ogg",
          "guns/reload/bullpup/bullpup_5.ogg"
        ]
    }
]