[
	  {
        "type": "sound_effect",
        "id" : "fire_gun",
        "volume" : 100,
        "variant" : "ocgl_smc223",
        "files" : [
          "guns/223/223_1.ogg",
          "guns/223/223_2.ogg",
          "guns/223/223_3.ogg",
          "guns/223/223_4.ogg",
          "guns/223/223_5.ogg",
          "guns/223/223_6.ogg",
          "guns/223/223_7.ogg",
          "guns/223/223_8.ogg",
          "guns/223/223_9.ogg",
          "guns/223/223_10.ogg"
        ]
    },
	  {
        "type": "sound_effect",
        "id" : "fire_gun_distant",
        "volume" : 60,
        "variant" : "ocgl_smc223",
        "files" : [
          "guns/223/223_1.ogg",
          "guns/223/223_2.ogg",
          "guns/223/223_3.ogg",
          "guns/223/223_4.ogg",
          "guns/223/223_5.ogg",
          "guns/223/223_6.ogg",
          "guns/223/223_7.ogg",
          "guns/223/223_8.ogg",
          "guns/223/223_9.ogg",
          "guns/223/223_10.ogg"
        ]
    },
    {
        "type": "sound_effect",
        "id" : "reload",
        "volume" : 90,
        "variant" : "ocgl_smc223",
        "files" : [
          "guns/reload/rifle_m/rifle_1.ogg",
          "guns/reload/rifle_m/rifle_2.ogg",
          "guns/reload/rifle_m/rifle_3.ogg",
          "guns/reload/rifle_m/rifle_4.ogg",
          "guns/reload/rifle_m/rifle_5.ogg"
        ]
    },
	  {
        "type": "sound_effect",
        "id" : "fire_gun",
        "volume" : 20,
        "variant" : "qr555",
        "files" : [
          "guns/gunfire-distance/weapon_fire_suppressed_1.ogg",
          "guns/gunfire-distance/weapon_fire_suppressed_2.ogg",
          "guns/gunfire-distance/weapon_fire_suppressed_3.ogg",
          "guns/gunfire-distance/weapon_fire_suppressed_4.ogg",
          "guns/gunfire-distance/weapon_fire_suppressed_5.ogg"
        ]
    },
    {
        "type": "sound_effect",
        "id" : "reload",
        "volume" : 90,
        "variant" : "qr555",
        "files" : [
          "guns/reload/bullpup/bullpup_1.ogg",
          "guns/reload/bullpup/bullpup_2.ogg",
          "guns/reload/bullpup/bullpup_3.ogg",
          "guns/reload/bullpup/bullpup_4.ogg",
          "guns/reload/bullpup/bullpup_5.ogg"
        ]
    },
	  {
        "type": "sound_effect",
        "id" : "fire_gun",
        "volume" : 20,
        "variant" : "qr555_car",
        "files" : [
          "guns/gunfire-distance/weapon_fire_suppressed_1.ogg",
          "guns/gunfire-distance/weapon_fire_suppressed_2.ogg",
          "guns/gunfire-distance/weapon_fire_suppressed_3.ogg",
          "guns/gunfire-distance/weapon_fire_suppressed_4.ogg",
          "guns/gunfire-distance/weapon_fire_suppressed_5.ogg"
        ]
    },
    {
        "type": "sound_effect",
        "id" : "reload",
        "volume" : 90,
        "variant" : "qr555_car",
        "files" : [
          "guns/reload/bullpup/bullpup_1.ogg",
          "guns/reload/bullpup/bullpup_2.ogg",
          "guns/reload/bullpup/bullpup_3.ogg",
          "guns/reload/bullpup/bullpup_4.ogg",
          "guns/reload/bullpup/bullpup_5.ogg"
        ]
    },
	  {
        "type": "sound_effect",
        "id" : "fire_gun",
        "volume" : 20,
        "variant" : "qr555_cqb",
        "files" : [
          "guns/gunfire-distance/weapon_fire_suppressed_1.ogg",
          "guns/gunfire-distance/weapon_fire_suppressed_2.ogg",
          "guns/gunfire-distance/weapon_fire_suppressed_3.ogg",
          "guns/gunfire-distance/weapon_fire_suppressed_4.ogg",
          "guns/gunfire-distance/weapon_fire_suppressed_5.ogg"
        ]
    },
    {
        "type": "sound_effect",
        "id" : "reload",
        "volume" : 90,
        "variant" : "qr555_cqb",
        "files" : [
          "guns/reload/bullpup/bullpup_1.ogg",
          "guns/reload/bullpup/bullpup_2.ogg",
          "guns/reload/bullpup/bullpup_3.ogg",
          "guns/reload/bullpup/bullpup_4.ogg",
          "guns/reload/bullpup/bullpup_5.ogg"
        ]
    },
	  {
        "type": "sound_effect",
        "id" : "fire_gun",
        "volume" : 20,
        "variant" : "qr555_dmr",
        "files" : [
          "guns/gunfire-distance/weapon_fire_suppressed_1.ogg",
          "guns/gunfire-distance/weapon_fire_suppressed_2.ogg",
          "guns/gunfire-distance/weapon_fire_suppressed_3.ogg",
          "guns/gunfire-distance/weapon_fire_suppressed_4.ogg",
          "guns/gunfire-distance/weapon_fire_suppressed_5.ogg"
        ]
    },
    {
        "type": "sound_effect",
        "id" : "reload",
        "volume" : 90,
        "variant" : "qr555_dmr",
        "files" : [
          "guns/reload/bullpup/bullpup_1.ogg",
          "guns/reload/bullpup/bullpup_2.ogg",
          "guns/reload/bullpup/bullpup_3.ogg",
          "guns/reload/bullpup/bullpup_4.ogg",
          "guns/reload/bullpup/bullpup_5.ogg"
        ]
    },
	  {
        "type": "sound_effect",
        "id" : "fire_gun",
        "volume" : 20,
        "variant" : "qr555_saw",
        "files" : [
          "guns/gunfire-distance/weapon_fire_suppressed_1.ogg",
          "guns/gunfire-distance/weapon_fire_suppressed_2.ogg",
          "guns/gunfire-distance/weapon_fire_suppressed_3.ogg",
          "guns/gunfire-distance/weapon_fire_suppressed_4.ogg",
          "guns/gunfire-distance/weapon_fire_suppressed_5.ogg"
        ]
    },
    {
        "type": "sound_effect",
        "id" : "reload",
        "volume" : 90,
        "variant" : "qr555_saw",
        "files" : [
          "guns/reload/mg/mgk_1.ogg",
          "guns/reload/mg/mgk_2.ogg",
          "guns/reload/mg/mgk_3.ogg",
          "guns/reload/mg/mgk_4.ogg",
          "guns/reload/mg/mgk_5.ogg"
        ]
    }
]