[
    {
        "type": "sound_effect",
        "id" : "fire_gun",
        "volume" : 100,
        "variant" : "etc_nanogun",
        "files" : [
          "guns/57/57_1.ogg",
          "guns/57/57_2.ogg",
          "guns/57/57_3.ogg",
          "guns/57/57_4.ogg",
          "guns/57/57_5.ogg"
        ]
    },
	  {
        "type": "sound_effect",
        "id" : "fire_gun_distant",
        "volume" : 60,
        "variant" : "etc_nanogun",
        "files" : [
          "guns/57/57_1.ogg",
          "guns/57/57_2.ogg",
          "guns/57/57_3.ogg",
          "guns/57/57_4.ogg",
          "guns/57/57_5.ogg"
        ]
    },
    {
        "type": "sound_effect",
        "id" : "reload",
        "volume" : 90,
        "variant" : "etc_nanogun",
        "files" : [
          "guns/reload/mg/mgk_1.ogg",
          "guns/reload/mg/mgk_2.ogg",
          "guns/reload/mg/mgk_3.ogg",
          "guns/reload/mg/mgk_4.ogg",
          "guns/reload/mg/mgk_5.ogg"
        ]
    },
    {
        "type": "sound_effect",
        "id" : "fire_gun",
        "volume" : 20,
        "variant" : "etc_nanogunsd",
        "files" : [
          "guns/gunfire-distance/weapon_fire_suppressed_1.ogg",
          "guns/gunfire-distance/weapon_fire_suppressed_2.ogg",
          "guns/gunfire-distance/weapon_fire_suppressed_3.ogg",
          "guns/gunfire-distance/weapon_fire_suppressed_4.ogg",
          "guns/gunfire-distance/weapon_fire_suppressed_5.ogg"
        ]
    },
    {
        "type": "sound_effect",
        "id" : "reload",
        "volume" : 90,
        "variant" : "etc_nanogunsd",
        "files" : [
          "guns/reload/mg/mgk_1.ogg",
          "guns/reload/mg/mgk_2.ogg",
          "guns/reload/mg/mgk_3.ogg",
          "guns/reload/mg/mgk_4.ogg",
          "guns/reload/mg/mgk_5.ogg"
        ]
    },
    {
        "type": "sound_effect",
        "id" : "fire_gun",
        "volume" : 100,
        "variant" : "etc_o2020",
        "files" : [
          "guns/57/57_1.ogg",
          "guns/57/57_2.ogg",
          "guns/57/57_3.ogg",
          "guns/57/57_4.ogg",
          "guns/57/57_5.ogg"
        ]
    },
	  {
        "type": "sound_effect",
        "id" : "fire_gun_distant",
        "volume" : 60,
        "variant" : "etc_o2020",
        "files" : [
          "guns/57/57_1.ogg",
          "guns/57/57_2.ogg",
          "guns/57/57_3.ogg",
          "guns/57/57_4.ogg",
          "guns/57/57_5.ogg"
        ]
    },
    {
        "type": "sound_effect",
        "id" : "reload",
        "volume" : 90,
        "variant" : "etc_o2020",
        "files" : [
          "guns/reload/smg/smg_1.ogg",
          "guns/reload/smg/smg_2.ogg",
          "guns/reload/smg/smg_3.ogg",
          "guns/reload/smg/smg_4.ogg",
          "guns/reload/smg/smg_5.ogg"
        ]
    },
    {
        "type": "sound_effect",
        "id" : "fire_gun",
        "volume" : 20,
        "variant" : "etc_o2020sd",
        "files" : [
          "guns/gunfire-distance/weapon_fire_suppressed_1.ogg",
          "guns/gunfire-distance/weapon_fire_suppressed_2.ogg",
          "guns/gunfire-distance/weapon_fire_suppressed_3.ogg",
          "guns/gunfire-distance/weapon_fire_suppressed_4.ogg",
          "guns/gunfire-distance/weapon_fire_suppressed_5.ogg"
        ]
    },
    {
        "type": "sound_effect",
        "id" : "reload",
        "volume" : 90,
        "variant" : "etc_o2020sd",
        "files" : [
          "guns/reload/smg/smg_1.ogg",
          "guns/reload/smg/smg_2.ogg",
          "guns/reload/smg/smg_3.ogg",
          "guns/reload/smg/smg_4.ogg",
          "guns/reload/smg/smg_5.ogg"
        ]
    },
    {
        "type": "sound_effect",
        "id" : "fire_gun",
        "volume" : 100,
        "variant" : "etc_ocg_22xlr",
        "files" : [
          "guns/57/57_1.ogg",
          "guns/57/57_2.ogg",
          "guns/57/57_3.ogg",
          "guns/57/57_4.ogg",
          "guns/57/57_5.ogg"
        ]
    },
	  {
        "type": "sound_effect",
        "id" : "fire_gun_distant",
        "volume" : 60,
        "variant" : "etc_ocg_22xlr",
        "files" : [
          "guns/57/57_1.ogg",
          "guns/57/57_2.ogg",
          "guns/57/57_3.ogg",
          "guns/57/57_4.ogg",
          "guns/57/57_5.ogg"
        ]
    },
    {
        "type": "sound_effect",
        "id" : "reload",
        "volume" : 90,
        "variant" : "etc_ocg_22xlr",
        "files" : [
          "guns/reload/rifle_s/rifle_1.ogg",
          "guns/reload/rifle_s/rifle_2.ogg",
          "guns/reload/rifle_s/rifle_3.ogg",
          "guns/reload/rifle_s/rifle_4.ogg",
          "guns/reload/rifle_s/rifle_5.ogg"
        ]
    },
    {
        "type": "sound_effect",
        "id" : "fire_gun",
        "volume" : 100,
        "variant" : "etc_ocg_dbr",
        "files" : [
          "guns/57/57_1.ogg",
          "guns/57/57_2.ogg",
          "guns/57/57_3.ogg",
          "guns/57/57_4.ogg",
          "guns/57/57_5.ogg"
        ]
    },
	  {
        "type": "sound_effect",
        "id" : "fire_gun_distant",
        "volume" : 60,
        "variant" : "etc_ocg_dbr",
        "files" : [
          "guns/57/57_1.ogg",
          "guns/57/57_2.ogg",
          "guns/57/57_3.ogg",
          "guns/57/57_4.ogg",
          "guns/57/57_5.ogg"
        ]
    },
    {
        "type": "sound_effect",
        "id" : "reload",
        "volume" : 90,
        "variant" : "etc_ocg_dbr",
        "files" : [
          "guns/reload/revolver/revolver_1.ogg",
          "guns/reload/revolver/revolver_2.ogg",
          "guns/reload/revolver/revolver_3.ogg",
          "guns/reload/revolver/revolver_4.ogg",
          "guns/reload/revolver/revolver_5.ogg"
        ]
    },
    {
        "type": "sound_effect",
        "id" : "fire_gun",
        "volume" : 20,
        "variant" : "etc_ocg_smp",
        "files" : [
          "guns/gunfire-distance/weapon_fire_suppressed_1.ogg",
          "guns/gunfire-distance/weapon_fire_suppressed_2.ogg",
          "guns/gunfire-distance/weapon_fire_suppressed_3.ogg",
          "guns/gunfire-distance/weapon_fire_suppressed_4.ogg",
          "guns/gunfire-distance/weapon_fire_suppressed_5.ogg"
        ]
    },
    {
        "type": "sound_effect",
        "id" : "reload",
        "volume" : 90,
        "variant" : "etc_ocg_smp",
        "files" : [
          "guns/reload/pistol_l/pistol_1.ogg",
          "guns/reload/pistol_l/pistol_2.ogg",
          "guns/reload/pistol_l/pistol_3.ogg",
          "guns/reload/pistol_l/pistol_4.ogg",
          "guns/reload/pistol_l/pistol_5.ogg"
        ]
    },
    {
        "type": "sound_effect",
        "id" : "fire_gun",
        "volume" : 20,
        "variant" : "etc_ocg_spistol",
        "files" : [
          "guns/gunfire-distance/weapon_fire_suppressed_1.ogg",
          "guns/gunfire-distance/weapon_fire_suppressed_2.ogg",
          "guns/gunfire-distance/weapon_fire_suppressed_3.ogg",
          "guns/gunfire-distance/weapon_fire_suppressed_4.ogg",
          "guns/gunfire-distance/weapon_fire_suppressed_5.ogg"
        ]
    },
    {
        "type": "sound_effect",
        "id" : "reload",
        "volume" : 90,
        "variant" : "etc_ocg_spistol",
        "files" : [
          "guns/reload/pistol_l/pistol_1.ogg",
          "guns/reload/pistol_l/pistol_2.ogg",
          "guns/reload/pistol_l/pistol_3.ogg",
          "guns/reload/pistol_l/pistol_4.ogg",
          "guns/reload/pistol_l/pistol_5.ogg"
        ]
    }
]