[
	  {
        "type": "sound_effect",
        "id" : "fire_gun",
        "volume" : 20,
        "variant" : "ocg_ssr300",
        "files" : [
          "guns/gunfire-distance/weapon_fire_suppressed_1.ogg",
          "guns/gunfire-distance/weapon_fire_suppressed_2.ogg",
          "guns/gunfire-distance/weapon_fire_suppressed_3.ogg",
          "guns/gunfire-distance/weapon_fire_suppressed_4.ogg",
          "guns/gunfire-distance/weapon_fire_suppressed_5.ogg"
        ]
    },
    {
        "type": "sound_effect",
        "id" : "reload",
        "volume" : 90,
        "variant" : "ocg_ssr300",
        "files" : [
          "guns/reload/rifle_m/rifle_1.ogg",
          "guns/reload/rifle_m/rifle_2.ogg",
          "guns/reload/rifle_m/rifle_3.ogg",
          "guns/reload/rifle_m/rifle_4.ogg",
          "guns/reload/rifle_m/rifle_5.ogg"
        ]
    }
]