[
    {
        "type": "sound_effect",
        "id" : "fire_gun",
        "volume" : 100,
        "variant" : "ocg_smc308",
        "files" : [
          "guns/308/308_1.ogg",
          "guns/308/308_2.ogg",
          "guns/308/308_3.ogg",
          "guns/308/308_4.ogg",
          "guns/308/308_5.ogg",
          "guns/308/308_6.ogg",
          "guns/308/308_7.ogg",
          "guns/308/308_8.ogg",
          "guns/308/308_9.ogg",
          "guns/308/308_10.ogg"
        ]
    },
  	{
        "type": "sound_effect",
        "id" : "fire_gun_distant",
        "volume" : 60,
        "variant" : "ocg_smc308",
        "files" : [
          "guns/308/308_1.ogg",
          "guns/308/308_2.ogg",
          "guns/308/308_3.ogg",
          "guns/308/308_4.ogg",
          "guns/308/308_5.ogg",
          "guns/308/308_6.ogg",
          "guns/308/308_7.ogg",
          "guns/308/308_8.ogg",
          "guns/308/308_9.ogg",
          "guns/308/308_10.ogg"
        ]
    },
    {
        "type": "sound_effect",
        "id" : "reload",
        "volume" : 90,
        "variant" : "ocg_smc308",
        "files" : [
          "guns/reload/rifle_s/rifle_1.ogg",
          "guns/reload/rifle_s/rifle_2.ogg",
          "guns/reload/rifle_s/rifle_3.ogg",
          "guns/reload/rifle_s/rifle_4.ogg",
          "guns/reload/rifle_s/rifle_5.ogg"
        ]
    }
]