[
    {
        "type": "sound_effect",
        "id" : "fire_gun",
        "volume" : 100,
        "variant" : "ocg_aeagle_357",
        "files" : [
          "guns/357/357.ogg"
        ]
    },
	  {
        "type": "sound_effect",
        "id" : "fire_gun_distant",
        "volume" : 60,
        "variant" : "ocg_aeagle_357",
        "files" : [
          "guns/357/357.ogg"
        ]
    },
    {
        "type": "sound_effect",
        "id" : "reload",
        "volume" : 90,
        "variant" : "ocg_aeagle_357",
        "files" : [
          "guns/reload/pistol_h/pistol_1.ogg",
          "guns/reload/pistol_h/pistol_2.ogg",
          "guns/reload/pistol_h/pistol_3.ogg",
          "guns/reload/pistol_h/pistol_4.ogg",
          "guns/reload/pistol_h/pistol_5.ogg"
        ]
    },
    {
        "type": "sound_effect",
        "id" : "fire_gun",
        "volume" : 100,
        "variant" : "ocg_abear_357",
        "files" : [
          "guns/357/357.ogg"
        ]
    },
	  {
        "type": "sound_effect",
        "id" : "fire_gun_distant",
        "volume" : 60,
        "variant" : "ocg_abear_357",
        "files" : [
          "guns/357/357.ogg"
        ]
    },
    {
        "type": "sound_effect",
        "id" : "reload",
        "volume" : 90,
        "variant" : "ocg_abear_357",
        "files" : [
          "guns/reload/pistol_h/pistol_1.ogg",
          "guns/reload/pistol_h/pistol_2.ogg",
          "guns/reload/pistol_h/pistol_3.ogg",
          "guns/reload/pistol_h/pistol_4.ogg",
          "guns/reload/pistol_h/pistol_5.ogg"
        ]
    }
]
