[
    {
        "type": "sound_effect",
        "id" : "fire_gun",
        "volume" : 100,
        "variant" : "ocg410_triarii",
        "files" : [
          "Mods/Realguns/410_1.ogg",
          "Mods/Realguns/410_2.ogg",
          "Mods/Realguns/410_3.ogg",
          "Mods/Realguns/410_4.ogg"
        ]
    },
  	{
        "type": "sound_effect",
        "id" : "fire_gun_distant",
        "volume" : 40,
        "variant" : "ocg410_triarii",
        "files" : [
          "Mods/Realguns/410_1.ogg",
          "Mods/Realguns/410_2.ogg",
          "Mods/Realguns/410_3.ogg",
          "Mods/Realguns/410_4.ogg"
        ]
    },
	  {
        "type": "sound_effect",
        "id" : "reload",
        "volume" : 90,
        "variant" : "ocg410_triarii",
        "files" : [
          "guns/reload/shotgun/autoreload_1.ogg",
          "guns/reload/shotgun/autoreload_2.ogg",
          "guns/reload/shotgun/autoreload_3.ogg",
          "guns/reload/shotgun/autoreload_4.ogg",
          "guns/reload/shotgun/autoreload_5.ogg"
        ]
    },
    {
        "type": "sound_effect",
        "id" : "fire_gun",
        "volume" : 100,
        "variant" : "ocg410a_sbmp",
        "files" : [
          "Mods/Realguns/410_1.ogg",
          "Mods/Realguns/410_2.ogg",
          "Mods/Realguns/410_3.ogg",
          "Mods/Realguns/410_4.ogg"
        ]
    },
  	{
        "type": "sound_effect",
        "id" : "fire_gun_distant",
        "volume" : 40,
        "variant" : "ocg410a_sbmp",
        "files" : [
          "Mods/Realguns/410_1.ogg",
          "Mods/Realguns/410_2.ogg",
          "Mods/Realguns/410_3.ogg",
          "Mods/Realguns/410_4.ogg"
        ]
    },
	  {
        "type": "sound_effect",
        "id" : "reload",
        "volume" : 90,
        "variant" : "ocg410a_sbmp",
        "files" : [
          "guns/reload/smg/smg_1.ogg",
          "guns/reload/smg/smg_2.ogg",
          "guns/reload/smg/smg_3.ogg",
          "guns/reload/smg/smg_4.ogg",
          "guns/reload/smg/smg_5.ogg"
        ]
    },
    {
        "type": "sound_effect",
        "id" : "fire_gun",
        "volume" : 30,
        "variant" : "ocg410sd_sicarius",
        "files" : [
          "guns/gunfire-distance/weapon_fire_suppressed_1.ogg",
          "guns/gunfire-distance/weapon_fire_suppressed_2.ogg",
          "guns/gunfire-distance/weapon_fire_suppressed_3.ogg",
          "guns/gunfire-distance/weapon_fire_suppressed_4.ogg",
          "guns/gunfire-distance/weapon_fire_suppressed_5.ogg"
        ]
    },
    {
        "type": "sound_effect",
        "id" : "reload",
        "volume" : 90,
        "variant" : "ocg410sd_sicarius",
        "files" : [
          "guns/reload/shotgun/pumpreload1.ogg",
          "guns/reload/shotgun/pumpreload2.ogg",
          "guns/reload/shotgun/pumpreload3.ogg",
          "guns/reload/shotgun/pumpreload4.ogg",
          "guns/reload/shotgun/pumpreload5.ogg"
        ]
    },
    {
        "type": "sound_effect",
        "id" : "fire_gun",
        "volume" : 100,
        "variant" : "ocgl_45_sixpack",
        "files" : [
          "Mods/Realguns/410_1.ogg",
          "Mods/Realguns/410_2.ogg",
          "Mods/Realguns/410_3.ogg",
          "Mods/Realguns/410_4.ogg"
        ]
    },
  	{
        "type": "sound_effect",
        "id" : "fire_gun_distant",
        "volume" : 40,
        "variant" : "ocgl_45_sixpack",
        "files" : [
          "Mods/Realguns/410_1.ogg",
          "Mods/Realguns/410_2.ogg",
          "Mods/Realguns/410_3.ogg",
          "Mods/Realguns/410_4.ogg"
        ]
    },
	  {
        "type": "sound_effect",
        "id" : "reload",
        "volume" : 90,
        "variant" : "ocgl_45_sixpack",
        "files" : [
          "guns/reload/revolver/revolver_1.ogg",
          "guns/reload/revolver/revolver_2.ogg",
          "guns/reload/revolver/revolver_3.ogg",
          "guns/reload/revolver/revolver_4.ogg",
          "guns/reload/revolver/revolver_5.ogg"
        ]
    }
]
