[
    {
        "type": "sound_effect",
        "id" : "fire_gun",
        "volume" : 100,
        "variant" : "etc_amrevolver",
        "files" : [
          "guns/12mm/12mm.ogg"
        ]
    },
	  {
        "type": "sound_effect",
        "id" : "fire_gun_distant",
        "volume" : 60,
        "variant" : "etc_amrevolver",
        "files" : [
          "guns/12mm/12mm.ogg"
        ]
    },
    {
        "type": "sound_effect",
        "id" : "reload",
        "volume" : 90,
        "variant" : "etc_amrevolver",
        "files" : [
          "guns/reload/revolver/revolver_1.ogg",
          "guns/reload/revolver/revolver_2.ogg",
          "guns/reload/revolver/revolver_3.ogg",
          "guns/reload/revolver/revolver_4.ogg",
          "guns/reload/revolver/revolver_5.ogg"
        ]
    },
    {
        "type": "sound_effect",
        "id" : "fire_gun",
        "volume" : 100,
        "variant" : "etc_dwom",
        "files" : [
          "guns/50/50_1.ogg",
          "guns/50/50_2.ogg",
          "guns/50/50_3.ogg",
          "guns/50/50_4.ogg"
        ]
    },
	  {
        "type": "sound_effect",
        "id" : "fire_gun_distant",
        "volume" : 60,
        "variant" : "etc_dwom",
        "files" : [
          "guns/50/50_1.ogg",
          "guns/50/50_2.ogg",
          "guns/50/50_3.ogg",
          "guns/50/50_4.ogg"
        ]
    },
    {
        "type": "sound_effect",
        "id" : "reload",
        "volume" : 90,
        "variant" : "etc_dwom",
        "files" : [
          "guns/energy_generic/weapon_reload.ogg"
        ]
    },
    {
        "type": "sound_effect",
        "id" : "fire_gun",
        "volume" : 100,
        "variant" : "etc_mar7k",
        "files" : [
          "guns/50/50_1.ogg",
          "guns/50/50_2.ogg",
          "guns/50/50_3.ogg",
          "guns/50/50_4.ogg"
        ]
    },
	  {
        "type": "sound_effect",
        "id" : "fire_gun_distant",
        "volume" : 60,
        "variant" : "etc_mar7k",
        "files" : [
          "guns/50/50_1.ogg",
          "guns/50/50_2.ogg",
          "guns/50/50_3.ogg",
          "guns/50/50_4.ogg"
        ]
    },
    {
        "type": "sound_effect",
        "id" : "reload",
        "volume" : 90,
        "variant" : "etc_mar7k",
        "files" : [
          "guns/energy_generic/weapon_reload.ogg"
        ]
    },
    {
        "type": "sound_effect",
        "id" : "fire_gun",
        "volume" : 100,
        "variant" : "etc_hydrogen_gun",
        "files" : [
          "guns/12mm/12mm.ogg"
        ]
    },
	  {
        "type": "sound_effect",
        "id" : "fire_gun_distant",
        "volume" : 60,
        "variant" : "etc_hydrogen_gun",
        "files" : [
          "guns/12mm/12mm.ogg"
        ]
    },
    {
        "type": "sound_effect",
        "id" : "reload",
        "volume" : 90,
        "variant" : "etc_hydrogen_gun",
        "files" : [
          "guns/reload/rifle_s/rifle_1.ogg",
          "guns/reload/rifle_s/rifle_2.ogg",
          "guns/reload/rifle_s/rifle_3.ogg",
          "guns/reload/rifle_s/rifle_4.ogg",
          "guns/reload/rifle_s/rifle_5.ogg"
        ]
    },
    {
        "type": "sound_effect",
        "id" : "fire_gun",
        "volume" : 100,
        "variant" : "etc_seven7",
        "files" : [
          "guns/50/50_1.ogg",
          "guns/50/50_2.ogg",
          "guns/50/50_3.ogg",
          "guns/50/50_4.ogg"
        ]
    },
	  {
        "type": "sound_effect",
        "id" : "fire_gun_distant",
        "volume" : 60,
        "variant" : "etc_seven7",
        "files" : [
          "guns/50/50_1.ogg",
          "guns/50/50_2.ogg",
          "guns/50/50_3.ogg",
          "guns/50/50_4.ogg"
        ]
    },
    {
        "type": "sound_effect",
        "id" : "reload",
        "volume" : 90,
        "variant" : "etc_seven7",
        "files" : [
          "guns/energy_generic/weapon_reload.ogg"
        ]
    }
]
