[
    {
        "type": "sound_effect",
        "id" : "fire_gun",
        "volume" : 100,
        "variant" : "etc_deel",
        "files" : [
          "guns/44/44_1.ogg",
          "guns/44/44_2.ogg",
          "guns/44/44_3.ogg",
          "guns/44/44_4.ogg"
        ]
    },
	  {
        "type": "sound_effect",
        "id" : "fire_gun_distant",
        "volume" : 60,
        "variant" : "etc_deel",
        "files" : [
          "guns/44/44_1.ogg",
          "guns/44/44_2.ogg",
          "guns/44/44_3.ogg",
          "guns/44/44_4.ogg"
        ]
    },
    {
        "type": "sound_effect",
        "id" : "reload",
        "volume" : 90,
        "variant" : "etc_deel",
        "files" : [
          "guns/reload/pistol_l/pistol_1.ogg",
          "guns/reload/pistol_l/pistol_2.ogg",
          "guns/reload/pistol_l/pistol_3.ogg",
          "guns/reload/pistol_l/pistol_4.ogg",
          "guns/reload/pistol_l/pistol_5.ogg"
        ]
    },
    {
        "type": "sound_effect",
        "id" : "fire_gun",
        "volume" : 100,
        "variant" : "etc_hac",
        "files" : [
          "guns/44/44_1.ogg",
          "guns/44/44_2.ogg",
          "guns/44/44_3.ogg",
          "guns/44/44_4.ogg"
        ]
    },
	  {
        "type": "sound_effect",
        "id" : "fire_gun_distant",
        "volume" : 60,
        "variant" : "etc_hac",
        "files" : [
          "guns/44/44_1.ogg",
          "guns/44/44_2.ogg",
          "guns/44/44_3.ogg",
          "guns/44/44_4.ogg"
        ]
    },
    {
        "type": "sound_effect",
        "id" : "reload",
        "volume" : 90,
        "variant" : "etc_hac",
        "files" : [
          "guns/reload/pistol_l/pistol_1.ogg",
          "guns/reload/pistol_l/pistol_2.ogg",
          "guns/reload/pistol_l/pistol_3.ogg",
          "guns/reload/pistol_l/pistol_4.ogg",
          "guns/reload/pistol_l/pistol_5.ogg"
        ]
    },
    {
        "type": "sound_effect",
        "id" : "fire_gun",
        "volume" : 100,
        "variant" : "etc_chaingun",
        "files" : [
          "guns/44/44_1.ogg",
          "guns/44/44_2.ogg",
          "guns/44/44_3.ogg",
          "guns/44/44_4.ogg"
        ]
    },
	  {
        "type": "sound_effect",
        "id" : "fire_gun_distant",
        "volume" : 60,
        "variant" : "etc_chaingun",
        "files" : [
          "guns/44/44_1.ogg",
          "guns/44/44_2.ogg",
          "guns/44/44_3.ogg",
          "guns/44/44_4.ogg"
        ]
    },
    {
        "type": "sound_effect",
        "id" : "reload",
        "volume" : 90,
        "variant" : "etc_chaingun",
        "files" : [
          "guns/reload/mg/mgk_1.ogg",
          "guns/reload/mg/mgk_2.ogg",
          "guns/reload/mg/mgk_3.ogg",
          "guns/reload/mg/mgk_4.ogg",
          "guns/reload/mg/mgk_5.ogg"
        ]
    },
    {
        "type": "sound_effect",
        "id" : "fire_gun",
        "volume" : 100,
        "variant" : "etc_o2020h",
        "files" : [
          "guns/44/44_1.ogg",
          "guns/44/44_2.ogg",
          "guns/44/44_3.ogg",
          "guns/44/44_4.ogg"
        ]
    },
	  {
        "type": "sound_effect",
        "id" : "fire_gun_distant",
        "volume" : 60,
        "variant" : "etc_o2020h",
        "files" : [
          "guns/44/44_1.ogg",
          "guns/44/44_2.ogg",
          "guns/44/44_3.ogg",
          "guns/44/44_4.ogg"
        ]
    },
    {
        "type": "sound_effect",
        "id" : "reload",
        "volume" : 90,
        "variant" : "etc_o2020h",
        "files" : [
          "guns/reload/smg/smg_1.ogg",
          "guns/reload/smg/smg_2.ogg",
          "guns/reload/smg/smg_3.ogg",
          "guns/reload/smg/smg_4.ogg",
          "guns/reload/smg/smg_5.ogg"
        ]
    },
    {
        "type": "sound_effect",
        "id" : "fire_gun",
        "volume" : 20,
        "variant" : "etc_o2020hsd",
        "files" : [
          "guns/gunfire-distance/weapon_fire_suppressed_1.ogg",
          "guns/gunfire-distance/weapon_fire_suppressed_2.ogg",
          "guns/gunfire-distance/weapon_fire_suppressed_3.ogg",
          "guns/gunfire-distance/weapon_fire_suppressed_4.ogg",
          "guns/gunfire-distance/weapon_fire_suppressed_5.ogg"
        ]
    },
    {
        "type": "sound_effect",
        "id" : "reload",
        "volume" : 90,
        "variant" : "etc_o2020hsd",
        "files" : [
          "guns/reload/smg/smg_1.ogg",
          "guns/reload/smg/smg_2.ogg",
          "guns/reload/smg/smg_3.ogg",
          "guns/reload/smg/smg_4.ogg",
          "guns/reload/smg/smg_5.ogg"
        ]
    },
    {
        "type": "sound_effect",
        "id" : "fire_gun",
        "volume" : 100,
        "variant" : "etc_o9_electromagnum",
        "files" : [
          "guns/44/44_1.ogg",
          "guns/44/44_2.ogg",
          "guns/44/44_3.ogg",
          "guns/44/44_4.ogg"
        ]
    },
	  {
        "type": "sound_effect",
        "id" : "fire_gun_distant",
        "volume" : 60,
        "variant" : "etc_o9_electromagnum",
        "files" : [
          "guns/44/44_1.ogg",
          "guns/44/44_2.ogg",
          "guns/44/44_3.ogg",
          "guns/44/44_4.ogg"
        ]
    },
    {
        "type": "sound_effect",
        "id" : "reload",
        "volume" : 90,
        "variant" : "etc_o9_electromagnum",
        "files" : [
          "guns/reload/revolver/revolver_1.ogg",
          "guns/reload/revolver/revolver_2.ogg",
          "guns/reload/revolver/revolver_3.ogg",
          "guns/reload/revolver/revolver_4.ogg",
          "guns/reload/revolver/revolver_5.ogg"
        ]
    },
    {
        "type": "sound_effect",
        "id" : "fire_gun",
        "volume" : 100,
        "variant" : "etc_o92_doublemag",
        "files" : [
          "guns/44/44_1.ogg",
          "guns/44/44_2.ogg",
          "guns/44/44_3.ogg",
          "guns/44/44_4.ogg"
        ]
    },
	  {
        "type": "sound_effect",
        "id" : "fire_gun_distant",
        "volume" : 60,
        "variant" : "etc_o92_doublemag",
        "files" : [
          "guns/44/44_1.ogg",
          "guns/44/44_2.ogg",
          "guns/44/44_3.ogg",
          "guns/44/44_4.ogg"
        ]
    },
    {
        "type": "sound_effect",
        "id" : "reload",
        "volume" : 90,
        "variant" : "etc_o92_doublemag",
        "files" : [
          "guns/reload/revolver/revolver_1.ogg",
          "guns/reload/revolver/revolver_2.ogg",
          "guns/reload/revolver/revolver_3.ogg",
          "guns/reload/revolver/revolver_4.ogg",
          "guns/reload/revolver/revolver_5.ogg"
        ]
    },
    {
        "type": "sound_effect",
        "id" : "fire_gun",
        "volume" : 100,
        "variant" : "etc_ocg_minisniper",
        "files" : [
          "guns/454/454.ogg"
        ]
    },
	  {
        "type": "sound_effect",
        "id" : "fire_gun_distant",
        "volume" : 60,
        "variant" : "etc_ocg_minisniper",
        "files" : [
          "guns/454/454.ogg"
        ]
    },
    {
        "type": "sound_effect",
        "id" : "reload",
        "volume" : 90,
        "variant" : "etc_ocg_minisniper",
        "files" : [
          "guns/reload/smg/smg_1.ogg",
          "guns/reload/smg/smg_2.ogg",
          "guns/reload/smg/smg_3.ogg",
          "guns/reload/smg/smg_4.ogg",
          "guns/reload/smg/smg_5.ogg"
        ]
    },
    {
        "type": "sound_effect",
        "id" : "fire_gun",
        "volume" : 20,
        "variant" : "etc_ocg_ms400sd",
        "files" : [
          "guns/gunfire-distance/weapon_fire_suppressed_1.ogg",
          "guns/gunfire-distance/weapon_fire_suppressed_2.ogg",
          "guns/gunfire-distance/weapon_fire_suppressed_3.ogg",
          "guns/gunfire-distance/weapon_fire_suppressed_4.ogg",
          "guns/gunfire-distance/weapon_fire_suppressed_5.ogg"
        ]
    },
    {
        "type": "sound_effect",
        "id" : "reload",
        "volume" : 90,
        "variant" : "etc_ocg_ms400sd",
        "files" : [
          "guns/reload/smg/smg_1.ogg",
          "guns/reload/smg/smg_2.ogg",
          "guns/reload/smg/smg_3.ogg",
          "guns/reload/smg/smg_4.ogg",
          "guns/reload/smg/smg_5.ogg"
        ]
    },
    {
        "type": "sound_effect",
        "id" : "fire_gun",
        "volume" : 100,
        "variant" : "etc_ocg_ssmg",
        "files" : [
          "guns/44/44_1.ogg",
          "guns/44/44_2.ogg",
          "guns/44/44_3.ogg",
          "guns/44/44_4.ogg"
        ]
    },
	  {
        "type": "sound_effect",
        "id" : "fire_gun_distant",
        "volume" : 60,
        "variant" : "etc_ocg_ssmg",
        "files" : [
          "guns/44/44_1.ogg",
          "guns/44/44_2.ogg",
          "guns/44/44_3.ogg",
          "guns/44/44_4.ogg"
        ]
    },
    {
        "type": "sound_effect",
        "id" : "reload",
        "volume" : 90,
        "variant" : "etc_ocg_ssmg",
        "files" : [
          "guns/reload/mg/mgk_1.ogg",
          "guns/reload/mg/mgk_2.ogg",
          "guns/reload/mg/mgk_3.ogg",
          "guns/reload/mg/mgk_4.ogg",
          "guns/reload/mg/mgk_5.ogg"
        ]
    }
]