[
    {
        "type": "sound_effect",
        "id" : "fire_gun",
        "volume" : 90,
        "variant" : "ocg_gauss_gun285",
        "files" : [
            "guns/nail/coilgun.ogg"
        ]
    },
	  {
        "type": "sound_effect",
        "id" : "reload",
        "volume" : 90,
        "variant" : "ocg_gauss_gun285",
        "files" : [
          "guns/reload/bullpup/bullpup_1.ogg",
          "guns/reload/bullpup/bullpup_2.ogg",
          "guns/reload/bullpup/bullpup_3.ogg",
          "guns/reload/bullpup/bullpup_4.ogg",
          "guns/reload/bullpup/bullpup_5.ogg"
        ]
    },
    {
        "type": "sound_effect",
        "id" : "fire_gun",
        "volume" : 90,
        "variant" : "ocg_gauss_carbine166",
        "files" : [
            "guns/nail/coilgun.ogg"
        ]
    },
	  {
        "type": "sound_effect",
        "id" : "reload",
        "volume" : 90,
        "variant" : "ocg_gauss_carbine166",
        "files" : [
          "guns/reload/bullpup/bullpup_1.ogg",
          "guns/reload/bullpup/bullpup_2.ogg",
          "guns/reload/bullpup/bullpup_3.ogg",
          "guns/reload/bullpup/bullpup_4.ogg",
          "guns/reload/bullpup/bullpup_5.ogg"
        ]
    }
]
