[
    {
        "type": "sound_effect",
        "id" : "fire_gun",
        "volume" : 80,
        "variant" : "ocg_xe50_ionmace",
        "files" : [
          "guns/eweapons/emp_gun_1.ogg",
          "guns/eweapons/emp_gun_2.ogg"
        ]
    },
  	{
        "type": "sound_effect",
        "id" : "fire_gun_distant",
        "volume" : 30,
        "variant" : "ocg_xe50_ionmace",
        "files" : [
          "guns/eweapons/emp_gun_1.ogg",
          "guns/eweapons/emp_gun_2.ogg"
        ]
    },
	  {
        "type": "sound_effect",
        "id" : "reload",
        "volume" : 90,
        "variant" : "ocg_xe50_ionmace",
        "files" : [
          "Mods/PKs_Rebalancing/guns/shockcannon_reload.ogg"
        ]
    },
    {
        "type": "sound_effect",
        "id" : "fire_gun",
        "volume" : 100,
        "variant" : "ocg_plasma_shotgun",
        "files" : [
          "Mods/PKs_Rebalancing/guns/BFG.ogg",
          "Mods/PKs_Rebalancing/guns/hell_plasma.ogg"
        ]
    },
  	{
        "type": "sound_effect",
        "id" : "fire_gun_distant",
        "volume" : 40,
        "variant" : "ocg_plasma_shotgun",
        "files" : [
          "Mods/PKs_Rebalancing/guns/BFG.ogg",
          "Mods/PKs_Rebalancing/guns/hell_plasma.ogg"
        ]
    },
	  {
        "type": "sound_effect",
        "id" : "reload",
        "volume" : 90,
        "variant" : "ocg_plasma_shotgun",
        "files" : [
          "guns/reload/eweapons/plasma_rifle.ogg"
        ]
    },
    {
        "type": "sound_effect",
        "id" : "fire_gun",
        "volume" : 100,
        "variant" : "ocg_xnu_laser",
        "files" : [
          "Mods/Cata++/arc_laser_rifle_1.ogg",
          "Mods/Cata++/arc_laser_rifle_2.ogg",
          "Mods/Cata++/arc_laser_rifle_3.ogg"
        ]
    },
  	{
        "type": "sound_effect",
        "id" : "fire_gun_distant",
        "volume" : 40,
        "variant" : "ocg_xnu_laser",
        "files" : [
          "Mods/Cata++/arc_laser_rifle_1.ogg",
          "Mods/Cata++/arc_laser_rifle_2.ogg",
          "Mods/Cata++/arc_laser_rifle_3.ogg"
        ]
    },
	  {
        "type": "sound_effect",
        "id" : "reload",
        "volume" : 90,
        "variant" : "ocg_xnu_laser",
        "files" : [
          "guns/energy_generic/weapon_reload.ogg"
        ]
    }
]
