[
    {
        "type": "sound_effect",
        "id" : "fire_gun",
        "volume" : 100,
        "variant" : "ocg_lgw",
        "files" : [
          "guns/Others/Rocket_1.ogg",
          "guns/Others/Rocket_2.ogg",
          "guns/Others/Rocket_3.ogg",
          "guns/Others/Rocket_4.ogg",
          "guns/Others/Rocket_5.ogg"
        ]
    },
  	{
        "type": "sound_effect",
        "id" : "fire_gun_distant",
        "volume" : 40,
        "variant" : "ocg_lgw",
        "files" : [
          "guns/Others/Rocket_1.ogg",
          "guns/Others/Rocket_2.ogg",
          "guns/Others/Rocket_3.ogg",
          "guns/Others/Rocket_4.ogg",
          "guns/Others/Rocket_5.ogg"
        ]
    },
  	{
        "type": "sound_effect",
        "id" : "reload",
        "volume" : 90,
        "variant" : "ocg_lgw",
        "files" : [
            "guns/reload/launcher/rocket.ogg"
        ]
    },
    {
        "type": "sound_effect",
        "id" : "fire_gun",
        "volume" : 100,
        "variant" : "ocg_lgw_mode2",
        "files" : [
          "guns/Others/Rocket_1.ogg",
          "guns/Others/Rocket_2.ogg",
          "guns/Others/Rocket_3.ogg",
          "guns/Others/Rocket_4.ogg",
          "guns/Others/Rocket_5.ogg"
        ]
    },
  	{
        "type": "sound_effect",
        "id" : "fire_gun_distant",
        "volume" : 40,
        "variant" : "ocg_lgw_mode2",
        "files" : [
          "guns/Others/Rocket_1.ogg",
          "guns/Others/Rocket_2.ogg",
          "guns/Others/Rocket_3.ogg",
          "guns/Others/Rocket_4.ogg",
          "guns/Others/Rocket_5.ogg"
        ]
    },
  	{
        "type": "sound_effect",
        "id" : "reload",
        "volume" : 90,
        "variant" : "ocg_lgw_mode2",
        "files" : [
            "guns/reload/launcher/rocket.ogg"
        ]
    },
    {
        "type": "sound_effect",
        "id" : "fire_gun",
        "volume" : 100,
        "variant" : "ocges_biorifle",
        "files" : [
            "guns/Others/watercannon.ogg"
        ]
    },
    {
          "type": "sound_effect",
          "id" : "fire_gun_distant",
          "volume" : 40,
          "variant" : "ocges_biorifle",
          "files" : [
              "guns/Others/watercannon.ogg"
          ]
    }
]