[
    {
        "type": "sound_effect",
        "id" : "fire_gun",
        "volume" : 100,
        "variant" : "ocgl_12c_stormbolter",
        "files" : [
          "guns/00shot/00shot1.ogg",
          "guns/00shot/00shot2.ogg",
          "guns/00shot/00shot3.ogg",
          "guns/00shot/00shot4.ogg",
          "guns/00shot/00shot5.ogg"
        ]
    },
	  {
        "type": "sound_effect",
        "id" : "fire_gun_distant",
        "volume" : 60,
        "variant" : "ocgl_12c_stormbolter",
        "files" : [
          "guns/00shot/00shot1.ogg",
          "guns/00shot/00shot2.ogg",
          "guns/00shot/00shot3.ogg",
          "guns/00shot/00shot4.ogg",
          "guns/00shot/00shot5.ogg"
        ]
    },
    {
        "type": "sound_effect",
        "id" : "reload",
        "volume" : 90,
        "variant" : "ocgl_12c_stormbolter",
        "files" : [
          "guns/reload/shotgun/pumpreload1.ogg",
          "guns/reload/shotgun/pumpreload2.ogg",
          "guns/reload/shotgun/pumpreload3.ogg",
          "guns/reload/shotgun/pumpreload4.ogg",
          "guns/reload/shotgun/pumpreload5.ogg"
        ]
    },
    {
        "type": "sound_effect",
        "id" : "fire_gun",
        "volume" : 100,
        "variant" : "ocgl_combo912_shotgun",
        "files" : [
          "guns/00shot/00shot1.ogg",
          "guns/00shot/00shot2.ogg",
          "guns/00shot/00shot3.ogg",
          "guns/00shot/00shot4.ogg",
          "guns/00shot/00shot5.ogg"
        ]
    },
	  {
        "type": "sound_effect",
        "id" : "fire_gun_distant",
        "volume" : 60,
        "variant" : "ocgl_combo912_shotgun",
        "files" : [
          "guns/00shot/00shot1.ogg",
          "guns/00shot/00shot2.ogg",
          "guns/00shot/00shot3.ogg",
          "guns/00shot/00shot4.ogg",
          "guns/00shot/00shot5.ogg"
        ]
    },
    {
        "type": "sound_effect",
        "id" : "reload",
        "volume" : 90,
        "variant" : "ocgl_combo912_shotgun",
        "files" : [
          "guns/reload/shotgun/pumpreload1.ogg",
          "guns/reload/shotgun/pumpreload2.ogg",
          "guns/reload/shotgun/pumpreload3.ogg",
          "guns/reload/shotgun/pumpreload4.ogg",
          "guns/reload/shotgun/pumpreload5.ogg"
        ]
    },
	  {
        "type": "sound_effect",
        "id" : "fire_gun",
        "volume" : 100,
        "variant" : "ocg_12d_slamdunk",
        "files" : [
          "Mods/PKs_Rebalancing/guns/ithaca_doom_1.ogg",
          "Mods/PKs_Rebalancing/guns/ithaca_doom_2.ogg",
          "Mods/PKs_Rebalancing/guns/ithaca_doom_3.ogg",
          "Mods/PKs_Rebalancing/guns/ithaca_doom_4.ogg"
        ]
    },
    {
        "type": "sound_effect",
        "id" : "fire_gun",
        "volume" : 100,
        "variant" : "ocg12_excidia",
        "files" : [
          "guns/00shot/00shot1.ogg",
          "guns/00shot/00shot2.ogg",
          "guns/00shot/00shot3.ogg",
          "guns/00shot/00shot4.ogg",
          "guns/00shot/00shot5.ogg"
        ]
    },
	  {
        "type": "sound_effect",
        "id" : "fire_gun_distant",
        "volume" : 60,
        "variant" : "ocg12_excidia",
        "files" : [
          "guns/00shot/00shot1.ogg",
          "guns/00shot/00shot2.ogg",
          "guns/00shot/00shot3.ogg",
          "guns/00shot/00shot4.ogg",
          "guns/00shot/00shot5.ogg"
        ]
    },
    {
        "type": "sound_effect",
        "id" : "reload",
        "volume" : 90,
        "variant" : "ocg12_excidia",
        "files" : [
          "guns/reload/shotgun/autoreload_1.ogg",
          "guns/reload/shotgun/autoreload_2.ogg",
          "guns/reload/shotgun/autoreload_3.ogg",
          "guns/reload/shotgun/autoreload_4.ogg",
          "guns/reload/shotgun/autoreload_5.ogg"
        ]
    },
    {
        "type": "sound_effect",
        "id" : "fire_gun",
        "volume" : 100,
        "variant" : "ocg12s_scuta",
        "files" : [
          "guns/00shot/00shot1.ogg",
          "guns/00shot/00shot2.ogg",
          "guns/00shot/00shot3.ogg",
          "guns/00shot/00shot4.ogg",
          "guns/00shot/00shot5.ogg"
        ]
    },
	  {
        "type": "sound_effect",
        "id" : "fire_gun_distant",
        "volume" : 60,
        "variant" : "ocg12s_scuta",
        "files" : [
          "guns/00shot/00shot1.ogg",
          "guns/00shot/00shot2.ogg",
          "guns/00shot/00shot3.ogg",
          "guns/00shot/00shot4.ogg",
          "guns/00shot/00shot5.ogg"
        ]
    },
    {
        "type": "sound_effect",
        "id" : "reload",
        "volume" : 90,
        "variant" : "ocg12s_scuta",
        "files" : [
          "guns/reload/shotgun/autoreload_1.ogg",
          "guns/reload/shotgun/autoreload_2.ogg",
          "guns/reload/shotgun/autoreload_3.ogg",
          "guns/reload/shotgun/autoreload_4.ogg",
          "guns/reload/shotgun/autoreload_5.ogg"
        ]
    }
]


