[
  {
    "id": "46mm",
    "type": "AMMO",
    "copy-from": "556",
    "name": { "str_sp": "4.73x33mm" },
    "description": "4.73x33mm caseless ammunition with 50gr AP bullets.  While sidelined by the less costly 5.56 NATO as a G.I. rifle round, it was adopted by many special forces. Great range and armor penetration, but quite expensive.",
    "weight": "9 g",
    "volume": "291 ml",
    "price": 160,
    "price_postapoc": 6000,
    "material": [ "steel", "powder" ],
    "color": "dark_gray",
    "count": 40,
    "stack_size": 80,
    "ammo_type": "46",
    "casing": null,
    "range": 40,
    "relative": {
      "damage": { "damage_type": "stab", "amount": 1, "armor_penetration": 11 },
      "recoil": -200
    },
    "//": "930-960 m/s muzzle velocity. ~1470J muzzle energy. Base dmg value 38 is the same as 5.45x39mm 7N22, with a 5 pts (~11%) damage bonus applied. Giving it a bit less recoil than 5.56",
    "dispersion": 25
  }
]