[
  {
    "id": "mounted_g11",
    "copy-from": "turret",
    "type": "vehicle_part",
    "name": { "str": "mounted H&K G11" },
    "item": "g11",
    "color": "cyan",
    "broken_color": "cyan",
    "looks_like": "m249",
    "breaks_into": [ { "item": "scrap", "count": 15 }, { "item": "steel_chunk", "count": 4 }, { "item": "steel_lump", "count": 2 } ],
    "requirements": {
      "install": { "skills": [ [ "mechanics", 3 ], [ "gun", 1 ] ] },
      "removal": { "skills": [ [ "mechanics", 1 ] ] }
    }
  }
]
