[
  {
    "id": "g11",
    "copy-from": "rifle_auto",
    "type": "GUN",
    "name": { "str": "H&K G11A3" },
    "description": "The first mass produced firearm to use caseless ammunition, the G11 complex action delays felt recoil until three rounds have left the barrel in under one second, giving it a very accurate burst. The A3 model shares magazines with the MP7 and UCP.",
    "weight": "3600 g",
    "volume": "1695 ml",
    "price": 529000,
    "price_postapoc": 4200,
    "//": "Caseless and complex. Not going to be cheap. Muzzle velocity is 930-960 m/s and damage got a 11% buff over base dmg value of 37",
    "to_hit": -1,
    "bashing": 12,
    "material": [ "steel", "plastic" ],
    "symbol": "(",
    "color": "dark_gray",
    "ammo": "46",
    "dispersion": 150,
    "durability": 7,
    "recoil_shots": 3,
    "delay_percent": 90,
    "modes": [ [ "DEFAULT", "semi-auto", 1 ], [ "EBURST", "3 rd.", 3, "SIMULTANEOUS" ], [ "FAUTO", "auto", 4 ] ],
    "barrel_length": "300 ml",
    "default_mods": [ "acog_scope" ],
    "looks_like": "rm51_assault_rifle",
    "valid_mod_locations": [
      [ "accessories", 4 ],
      [ "barrel", 1 ],
      [ "bore", 1 ],
      [ "brass catcher", 1 ],
      [ "grip", 1 ],
      [ "mechanism", 4 ],
      [ "magazine", 1 ],
      [ "muzzle", 1 ],
      [ "rail", 1 ],
      [ "sights", 1 ],
      [ "sling", 1 ],
      [ "underbarrel", 1 ]
    ],
    "magazines": [ [ "46", [ "hk46bigmag", "hk46mag" ] ] ]
  },
  {
    "id": "hk_mp7",
    "copy-from": "hk_mp7",
    "type": "GUN",
    "name": { "str": "H&K MP7A2" },
    "description": "Designed as a personal defense weapon, the MP7 fires the powerful 4.73x33mm caseless round while being lightweight and compact in size.",
    "weight": "2 kg",
    "price": 340000,
    "price_postapoc": 3500,
    "range": -20,
    "ranged_damage": { "damage_type": "stab", "amount": -4 },
    "durability": 7
  },
  {
    "id": "g11pdw",
    "type": "GUN",
    "reload_noise_volume": 10,
    "name": { "str": "H&K UCP" },
    "looks_like": "rm103a_pistol",
    "description": "Originated from the G11 PDW, the UCP is a caseless pistol with a very high capacity and good stopping power, but heavy recoil.",
    "weight": "1600 g",
    "volume": "790 ml",
    "price": 125000,
    "to_hit": -2,
    "bashing": 6,
    "material": [ "steel", "plastic" ],
    "symbol": "(",
    "color": "light_gray",
    "ammo": "46",
    "skill": "pistol",
    "range": -23,
    "ranged_damage": { "damage_type": "stab", "amount": -7 },
    "dispersion": 440,
    "durability": 7,
    "valid_mod_locations": [
      [ "accessories", 2 ],
      [ "barrel", 1 ],
      [ "grip", 1 ],
      [ "mechanism", 4 ],
      [ "muzzle", 1 ],
      [ "rail", 1 ],
      [ "sights", 1 ],
      [ "stock", 1 ],
      [ "underbarrel", 1 ]
    ],
    "magazine_well": 1,
    "magazines": [ [ "46", [ "hk46mag", "hk46bigmag" ] ] ]
  }
]
